ID	tag	D1647T01_1	D1647T02_1	D1647T03_1	D1647T04_1	D1647T05_1	D1647T06_1	D1647T07_1	D1647T08_1	SRR23563666_1
pep_1	AAAAAAAATCAGGGAGGAGGTGGCAAGCCACACCCCACGGTGCCCGCGAACTTCCCCGGCAGCGGACTG	0	0.0	0.0	0.0	0.0	0	0.0	0.0	0.0
pep_2	AAAAAAAATCAGGGAGGAGGTGGCAAGCCACACCCCACGGTGCCCGCGAACTTCCCCGGCAGCGGACTGTAGCCCAGGCAGACGCCGTCGAGATGCAGGGCCCACCGCTCCTGACCGCCGCCCACCTCCTCTGCGTGTGCACCGCCGCGCTGGCCGTGGCTCCCGGGCCTCGG	0	0.0	0.278037	0.0	0.0	0	0.0	0.0	0.0
pep_3	AAAAAAAATCAGGGAGGAGGTGGCAAGCCACACCCCACGGTGCCCGCGAACTTCCCCGGCAGCGGACTGTAGCCCAGGCAGACGCCGTCGAGATGCAGGGCCCACCGCTCCTGACCGCCGCCCACCTCCTCTGCGTGTGCACCGCCGCGCTGGCCGTGGCTCCCGGGCCTCGG	0	0.0	0.278037	0.0	0.0	0	0.0	0.0	0.0
pep_4	AAAAAAAAAAAAAAAAAAAAAGCAGCAGCACCTCATCCATTCAAGTTTGATCACGAGATTGAAGCAATTCAG	0	0.0	0.0	0.0	0.0	0	0.0	0.0	15.81
pep_5	GAGGGCTGGAATCAGGTTTTTCCAAAATACCAAATGT	0	0.0	0.278037	0.0	0.0	0	0.0	0.0	0.0
pep_7	AAAAAAAAAAAAAAAAAAAAAGCAGCAGCACCTCATCCATTCAAGTTTGATCACGAGATTGAAGCAATTCAGTGACATCTTTAGGCTACACTTCT	0	0.0	0.0	0.0	0.0	0	0.0	0.0	0.0
pep_8	AAAAAAAAAAAAAAAAAAAAAGCAGCAGCACCTCATCCATTCAAGTTT	0	0.0	0.0	0.0	0.0	0	0.0	0.0	31.62
pep_9	ATGTTGATGTTTTGACCTCCTCCCA	0	0.0	0.0	0.0	0.0	0	0.0	0.0	0.0
pep_11	AAAAGAACTAGAAAAGCAAGAGCAAACACACTCAAAAAC	0	0.0	0.278037	0.446122	0.0	0	0.0	0.0	0.0
pep_12	AAAAGAACTAGAAAAGCAAGAGCAAACACACTCAAAAACTAGCAGAAGGCAAGAAATAACTAAAATC	0	0.0	0.278037	0.0	0.0	0	0.0	0.0	0.0
pep_13	AAAAGAACTAGAAAAGCAAGAGCAA	0	0.0	0.278037	0.0	0.0	0	0.0	0.0	0.0
pep_14	TGGGATTACAGGCACGTGCCACCACACCCAACTAATTTTTGTTTGTTTGTTTTTTTTTTTTTT	0	0.0	0.278037	0.0	0.0	0	0.0	0.0	0.0
pep_15	TGGGATTACAGGCACGTGCCACCACACCCAACTAATTTTTGTTTGTTTGTTTTTTTTTTTTT	0	0.0	0.278037	0.0	0.0	0	0.0	0.0	0.0
pep_16	TGGGATTACAGGCACGTGCCACCACACCCAACT	0	0.0	0.417056	0.0	0.0	0	0.0	0.0	0.0
pep_17	AAAAAAAAAAAGGACACACAACAACAACAACAACAACAAAATCTAGAGAAGAAACAAAGCAAATCAAAGCCTAAGTTAGGT	0	0.397783	0.139019	0.0	0.327512	0	0.0	0.384161	0.0
pep_18	AAAAAAAAAAAGGACACACAACAACAACAACAACAACAAAATCT	0	0.397783	0.139019	0.0	0.327512	0	0.0	0.384161	0.0
pep_19	AAAAAAAAAAAGGACACACAACAACAACAACAACAACAAAATCTAGAGAAGAAACAAAGCAAATCAAAGCCT	0	0.397783	0.139019	0.0	0.327512	0	0.0	0.384161	0.0
pep_20	ATGAAAACAGAGGATAATCAAAGTAATTTCCTTTCTGCCCTTCCCACCCACTGGCAGAGCAGCAGGAGGCAGATAAAACCTCCTAGGTGGATGAGCTTTAAGACCT	0	0.0	0.0	0.0	0.0	0	0.0	0.0	0.0
pep_21	AAAAAAAAAAAAAAAACCATGCATTGCTGCTTTTCCTACCACTTCCAG	0	0.0	0.0	0.0	0.0	0	0.401537	0.0	0.0
pep_22	AAAAAAAAAAAAAAAACCATGCATTGCTGCTTTTCCTACCACTTCCAGTAAGAAAATGG	0	0.0	0.0	0.0	0.0	0	0.401537	0.0	0.0
pep_23	AAAAAAAAAAAAAAAACCATGCATTGCTGCTTTTCCTACCACTTCCAGTAAGAAAATGGG	0	0.0	0.0	0.0	0.0	0	0.401537	0.0	0.0
pep_24	AAAAAAAGAAAAGAAAAGAAAGAGAAAATGAAAGAAAAGGCACTGTATTGCTACTGGGCTAGGGCCTTCTCTCTGTCTGTTTCTCTCTGTTCGTCTCTGTCTTTCTCTCTGTGTCTCTTTCTC	0	0.0	0.139019	0.0	0.0	0	0.0	0.0	0.0
pep_25	AAAAAAAGAAAAGAAAAGAAAGAGAAAAT	0	0.0	0.278037	0.0	0.0	0	0.0	0.0	0.0
pep_26	AAAAAAAGAAAAGAAAAGAAAGAGAAAATGAAAGAAAAGGCACTGTATTGCTACTGGGCT	0	0.0	0.139019	0.0	0.0	0	0.200768	0.0	0.0
pep_27	GCGGATTCATTGTTTGATATTCAGTGCTATGAAAACCTCATCCCTCAAATT	0	0.0	0.0	0.0	0.0	0	0.0	0.0	0.0
pep_28	GCGGATTCATTGTTTGATATTCAGTGCTATGAAAACCTCATCCCTCAAATTTAAAAAATTAT	0	0.0	0.0	0.0	0.0	0	0.0	0.0	0.0
pep_29	TGACACTCTTCGAAATAACAAAGAAACTGCTGAACACACCTTTAATTCAGT	0	0.0	0.0	0.0	0.0	0	0.0	0.0	0.0
pep_30	GCGGATTCATTGTTTGATATTCAGT	0	0.0	0.0	0.0	0.0	0	0.0	0.0	0.0
pep_31	AAAAGCTGGAACCATCTCTCTTGAA	0	0.0	0.0	0.0	0.0	0	0.0	0.0	0.0
pep_32	GTCCTGTCCAGAGCAATAGGCAAGA	0	0.0	0.0	0.0	0.0	0	0.0	0.0	0.0
pep_33	GATCCTAAATCTAGAAAACCTCATATTCTTGGTTCAAAAGCTCCTTCAGCTGATAAACAACTTCAGAGTCCAAGGATACAAAATCAGGGTACAAAAATCACTAGCATTACTT	0	0.0	0.0	0.0	0.0	0	0.0	0.0	0.0
pep_34	AAAAGCTGGAACCATCTCTCTTGAAAACGGACACAAGACAAGGATGCTGTCTCTCACACCTCCTATTCAACATAGTATTGGATGTCCTGTCCAGAGCAATAGGCAAGAGAAAT	0	0.0	0.0	0.0	0.0	0	0.0	0.0	0.0
pep_35	AAAAGCTGGAACCATCTCTCTTGAAAACGGACACAAGACAAGGATGCTGTCTCTCACACCTCCTATTCAACATAGTATTGGATGTCCTGTCCAGAGCAATAGGCAAGAGAAATAAAGGGCATCCAAATAGGAAGAGAGGAAGTCAAACTATTTCTGTTTGCAGACAACATGATCCTAAATCTAGAAAACCTCATATTCTTGGTTCAAAAGCTCCTTCAGCTGATAAACAACTTCAGAGTCCAAGGATACAAAATCAGGGTACAAAAATCACTAGCATTACTTTAGACCAACGACAGT	0	0.0	0.0	0.446122	0.0	0	0.0	0.0	0.0
